Timestamp,Open,High,Low,Close,Volume
2018-03-10 00:00:00,725.121,734.293,725.121,733.788,201.175
2018-03-10 00:15:00,732.03,735.0,727.0,729.32,47.586
2018-03-10 00:30:00,731.343,733.781,730.072,732.3,59.172
2018-03-10 00:45:00,733.945,735.0,731.781,734.361,23.596
2018-03-10 01:00:00,734.0,736.403,734.0,734.409,24.299
2018-03-10 01:15:00,736.029,736.403,731.642,734.007,105.231
2018-03-10 01:30:00,736.151,743.388,734.127,743.13,110.008
2018-03-10 01:45:00,743.13,745.1,738.276,738.276,89.511
2018-03-10 02:00:00,740.0,742.004,734.131,735.0,61.355
2018-03-10 02:15:00,734.131,739.0,733.431,737.961,51.321
2018-03-10 02:30:00,733.431,733.431,728.811,730.011,16.97
2018-03-10 02:45:00,730.813,738.131,730.813,733.233,13.279
2018-03-10 03:00:00,733.916,735.751,722.131,724.721,98.667
2018-03-10 03:15:00,725.15,726.0,722.0,722.0,70.908
2018-03-10 03:30:00,722.0,728.803,720.837,725.0,37.306
2018-03-10 03:45:00,725.124,730.91,724.057,730.0,37.852
2018-03-10 04:00:00,730.593,730.872,724.98,728.516,24.103
2018-03-10 04:15:00,728.516,735.4,728.179,734.073,25.95
2018-03-10 04:30:00,734.973,738.131,734.115,736.158,17.962
2018-03-10 04:45:00,735.457,735.537,732.101,732.505,31.368
2018-03-10 05:00:00,732.609,733.953,729.362,729.362,24.212
2018-03-10 05:15:00,730.0,730.0,725.056,729.522,19.754
2018-03-10 05:30:00,729.0,733.487,728.179,728.836,17.907
2018-03-10 05:45:00,729.644,734.243,729.644,734.21,12.618
2018-03-10 06:00:00,734.243,743.487,734.243,743.487,42.928
2018-03-10 06:15:00,743.0,743.0,740.441,741.395,61.804
2018-03-10 06:30:00,741.395,742.969,737.192,737.192,20.91
2018-03-10 06:45:00,737.192,740.764,737.192,740.0,94.628
2018-03-10 07:00:00,737.192,740.0,733.2,738.0,24.837
2018-03-10 07:15:00,735.0,737.0,733.2,733.2,16.802
2018-03-10 07:30:00,733.2,733.2,727.334,728.061,23.32
2018-03-10 07:45:00,730.0,737.352,728.061,733.463,48.08
2018-03-10 08:00:00,732.685,734.969,728.07,733.0,30.661
2018-03-10 08:15:00,733.403,734.524,728.11,730.3,13.99
2018-03-10 08:30:00,734.524,734.524,731.0,733.812,12.656
2018-03-10 08:45:00,731.164,733.054,730.31,730.31,10.484
2018-03-10 09:00:00,730.31,731.337,722.452,722.46,33.865
2018-03-10 09:15:00,724.796,725.692,723.189,724.114,7.57
2018-03-10 09:30:00,725.2,728.122,723.637,725.707,12.962
2018-03-10 09:45:00,725.916,727.177,723.821,723.859,19.919
2018-03-10 10:00:00,723.892,725.824,716.308,718.101,154.92
2018-03-10 10:15:00,719.928,722.676,719.928,722.0,14.229
2018-03-10 10:30:00,722.0,727.072,720.3,725.846,85.964
2018-03-10 10:45:00,726.29,727.399,725.019,726.462,7.06
2018-03-10 11:00:00,724.975,727.353,724.975,727.353,5.715
2018-03-10 11:15:00,726.3,726.386,723.116,725.389,30.257
2018-03-10 11:30:00,725.389,731.799,724.762,731.799,5.314
2018-03-10 11:45:00,731.799,732.8,730.295,732.8,19.036
2018-03-10 12:00:00,729.735,732.0,726.761,728.0,5.16
2018-03-10 12:15:00,726.992,729.447,726.172,726.874,15.646
2018-03-10 12:30:00,727.007,727.066,722.209,722.929,23.25
2018-03-10 12:45:00,722.929,726.089,720.981,724.549,10.07
2018-03-10 13:00:00,723.474,724.897,723.053,723.053,12.03
2018-03-10 13:15:00,723.053,725.562,720.3,725.562,14.51
2018-03-10 13:30:00,725.269,727.145,723.672,727.145,5.709
2018-03-10 13:45:00,723.155,726.394,723.155,724.067,6.874
2018-03-10 14:00:00,723.312,736.541,723.21,732.862,20.655
2018-03-10 14:15:00,736.54,738.5,733.862,737.826,15.746
2018-03-10 14:30:00,735.735,738.5,735.317,735.317,11.347
2018-03-10 14:45:00,737.155,738.5,735.317,735.317,1.634
2018-03-10 15:00:00,738.5,738.5,733.431,734.801,27.494
2018-03-10 15:15:00,736.6,738.0,736.6,736.6,9.908
2018-03-10 15:30:00,736.6,736.6,731.435,732.478,50.012
2018-03-10 15:45:00,734.751,735.0,729.783,731.263,23.438
2018-03-10 16:00:00,731.263,732.947,728.549,729.939,16.13
2018-03-10 16:15:00,732.272,736.277,730.919,733.493,33.749
2018-03-10 16:30:00,732.998,733.5,730.116,733.5,31.87
2018-03-10 16:45:00,733.493,735.513,733.044,733.044,23.621
2018-03-10 17:00:00,733.044,735.08,728.142,728.142,46.301
2018-03-10 17:15:00,731.053,731.866,724.0,724.214,20.755
2018-03-10 17:30:00,724.0,724.962,715.102,718.0,59.882
2018-03-10 17:45:00,716.263,719.0,713.186,714.05,51.863
2018-03-10 18:00:00,714.05,717.99,705.803,708.684,102.82
2018-03-10 18:15:00,708.684,708.684,701.0,701.5,126.445
2018-03-10 18:30:00,701.5,710.0,701.5,710.0,112.684
2018-03-10 18:45:00,712.9,712.9,707.103,710.0,102.388
2018-03-10 19:00:00,708.8,710.0,702.038,702.038,217.538
2018-03-10 19:15:00,702.038,705.0,702.038,705.0,6.834
2018-03-10 19:30:00,705.0,712.542,702.2,708.584,46.18
2018-03-10 19:45:00,708.584,712.542,708.0,709.0,37.606
2018-03-10 20:00:00,709.0,712.372,707.0,711.595,39.466
2018-03-10 20:15:00,705.644,711.595,701.684,701.684,39.5
2018-03-10 20:30:00,701.684,701.684,694.593,696.5,126.726
2018-03-10 20:45:00,696.5,698.293,688.0,688.0,58.246
2018-03-10 21:00:00,688.0,688.0,680.019,680.424,388.474
2018-03-10 21:15:00,680.5,685.0,680.5,682.32,17.435
2018-03-10 21:30:00,683.459,685.552,680.019,680.019,39.099
2018-03-10 21:45:00,680.0,681.163,679.225,679.331,12.027
2018-03-10 22:00:00,679.602,681.45,676.123,676.123,190.808
2018-03-10 22:15:00,677.569,681.83,676.681,681.83,21.125
2018-03-10 22:30:00,681.559,688.505,681.559,686.589,11.374
2018-03-10 22:45:00,686.773,688.058,686.083,686.426,13.703
2018-03-10 23:00:00,687.153,687.153,681.761,682.385,19.821
2018-03-10 23:15:00,684.672,686.602,680.928,680.928,441.052
2018-03-10 23:30:00,680.0,681.091,677.672,680.243,142.476
2018-03-10 23:45:00,682.0,684.585,678.843,678.843,22.818
2018-03-11 00:00:00,679.164,680.527,670.0,672.157,55.952
2018-03-11 00:15:00,672.09,672.157,662.0,662.426,306.062
2018-03-11 00:30:00,662.838,669.243,662.426,666.116,90.706
2018-03-11 00:45:00,665.599,666.859,660.12,661.964,32.048
2018-03-11 01:00:00,662.711,675.152,661.37,675.134,82.509
2018-03-11 01:15:00,675.413,675.413,670.978,674.441,94.132
2018-03-11 01:30:00,672.818,677.01,672.818,674.611,22.407
2018-03-11 01:45:00,674.942,675.608,671.597,673.321,37.166
2018-03-11 02:00:00,672.906,674.204,670.0,670.0,22.397
2018-03-11 02:15:00,670.0,679.695,670.0,677.702,30.379
2018-03-11 02:30:00,676.083,680.106,676.083,676.51,37.696
2018-03-11 02:45:00,676.51,681.507,675.731,681.507,175.62
2018-03-11 03:00:00,679.267,681.507,677.969,679.817,17.011
2018-03-11 03:15:00,681.507,681.705,672.395,672.395,50.562
2018-03-11 03:30:00,674.0,675.0,669.362,673.588,17.062
2018-03-11 03:45:00,673.588,676.427,673.232,676.427,28.544
2018-03-11 04:00:00,676.427,676.935,675.0,676.061,98.936
2018-03-11 04:15:00,676.595,682.738,676.595,680.893,25.998
2018-03-11 04:30:00,680.9,683.413,680.9,681.096,23.956
2018-03-11 04:45:00,680.9,680.971,678.52,679.104,10.528
2018-03-11 05:00:00,680.413,680.44,677.827,679.929,8.894
2018-03-11 05:15:00,679.929,682.876,677.771,682.661,23.224
2018-03-11 05:30:00,684.812,688.03,684.031,688.03,57.135
2018-03-11 05:45:00,688.03,695.48,686.901,693.22,41.295
2018-03-11 06:00:00,695.908,696.143,692.0,692.0,4.85
2018-03-11 06:15:00,692.642,697.786,691.163,693.0,59.777
2018-03-11 06:30:00,693.366,695.994,693.0,693.1,49.762
2018-03-11 06:45:00,695.246,695.254,693.0,693.0,7.76
2018-03-11 07:00:00,692.373,694.424,685.62,686.02,47.188
2018-03-11 07:15:00,686.02,690.936,685.588,690.5,12.94
2018-03-11 07:30:00,691.214,691.6,688.387,689.556,53.623
2018-03-11 07:45:00,688.387,688.56,683.667,687.118,49.212
2018-03-11 08:00:00,688.0,691.607,687.282,691.607,14.767
2018-03-11 08:15:00,691.607,691.607,690.465,691.607,9.799
2018-03-11 08:30:00,691.607,693.951,690.465,691.592,10.637
2018-03-11 08:45:00,692.0,694.702,691.592,693.212,15.681
2018-03-11 09:00:00,694.338,694.338,692.418,692.418,8.065
2018-03-11 09:15:00,692.418,693.0,690.654,690.654,11.12
2018-03-11 09:30:00,691.396,691.535,681.446,682.175,18.971
2018-03-11 09:45:00,684.444,684.748,682.592,682.592,15.418
2018-03-11 10:00:00,684.494,684.748,678.828,678.828,37.295
2018-03-11 10:15:00,679.093,683.424,678.057,683.0,9.802
2018-03-11 10:30:00,683.952,684.978,683.655,684.978,15.304
2018-03-11 10:45:00,684.978,687.222,683.617,687.222,58.717
2018-03-11 11:00:00,686.472,687.024,682.221,682.734,15.753
2018-03-11 11:15:00,683.05,684.809,681.734,684.809,10.28
2018-03-11 11:30:00,686.0,693.299,685.127,692.31,18.087
2018-03-11 11:45:00,693.105,707.28,692.154,705.535,75.148
2018-03-11 12:00:00,705.535,710.0,703.918,710.0,169.592
2018-03-11 12:15:00,710.0,720.0,709.205,715.186,288.968
2018-03-11 12:30:00,715.186,717.008,709.0,710.647,16.909
2018-03-11 12:45:00,710.0,712.634,709.0,711.912,9.577
2018-03-11 13:00:00,712.901,722.508,711.073,722.508,173.697
2018-03-11 13:15:00,720.717,721.965,715.999,715.999,33.422
2018-03-11 13:30:00,715.0,715.684,709.687,712.539,43.861
2018-03-11 13:45:00,710.375,713.982,709.0,712.412,53.767
2018-03-11 14:00:00,710.913,712.729,707.0,709.929,55.383
2018-03-11 14:15:00,709.863,717.618,708.875,712.656,67.871
2018-03-11 14:30:00,713.155,714.142,709.545,709.594,6.669
2018-03-11 14:45:00,709.968,713.996,707.1,710.617,47.815
2018-03-11 15:00:00,713.641,716.0,709.343,715.581,58.207
2018-03-11 15:15:00,714.0,714.487,709.447,709.529,27.809
2018-03-11 15:30:00,712.272,712.272,703.868,707.658,27.487
2018-03-11 15:45:00,705.21,707.073,697.792,698.64,168.909
2018-03-11 16:00:00,698.64,705.94,698.385,705.516,23.243
2018-03-11 16:15:00,705.385,709.314,705.161,709.314,13.389
2018-03-11 16:30:00,710.626,711.509,708.473,710.597,17.14
2018-03-11 16:45:00,710.468,710.468,708.404,709.732,5.65
2018-03-11 17:00:00,708.821,710.0,707.057,709.547,9.214
2018-03-11 17:15:00,710.0,719.184,708.986,719.184,58.094
2018-03-11 17:30:00,719.184,720.0,717.057,718.331,24.329
2018-03-11 17:45:00,719.698,732.0,719.031,728.602,158.316
2018-03-11 18:00:00,728.5,734.871,727.732,734.0,98.03
2018-03-11 18:15:00,734.0,734.0,727.522,731.0,32.678
2018-03-11 18:30:00,731.0,731.74,725.814,726.0,37.931
2018-03-11 18:45:00,726.179,729.0,726.179,728.5,10.803
2018-03-11 19:00:00,725.814,728.5,724.283,724.283,20.556
2018-03-11 19:15:00,724.283,728.549,724.283,724.9,28.976
2018-03-11 19:30:00,727.0,729.0,724.97,726.405,27.606
2018-03-11 19:45:00,729.0,732.0,727.434,728.1,56.15
2018-03-11 20:00:00,728.1,729.657,717.487,719.916,106.264
2018-03-11 20:15:00,719.916,719.916,715.0,716.698,40.293
2018-03-11 20:30:00,717.8,721.497,716.052,716.052,20.311
2018-03-11 20:45:00,715.683,725.254,715.0,724.83,30.313
2018-03-11 21:00:00,723.882,724.441,720.0,720.0,14.053
2018-03-11 21:15:00,721.752,723.0,720.0,722.94,16.987
2018-03-11 21:30:00,722.97,722.97,717.184,719.0,44.514
2018-03-11 21:45:00,719.0,721.31,716.457,716.457,20.395
2018-03-11 22:00:00,716.457,726.022,716.457,726.012,36.509
2018-03-11 22:15:00,726.022,728.0,722.074,722.863,8.129
2018-03-11 22:30:00,722.873,724.749,720.257,720.983,9.409
2018-03-11 22:45:00,721.583,723.0,721.01,721.01,27.226
2018-03-11 23:00:00,721.46,721.83,716.895,719.566,6.965
2018-03-11 23:15:00,717.869,720.121,715.0,716.022,9.618
2018-03-11 23:30:00,717.074,719.407,715.394,716.315,12.104
2018-03-11 23:45:00,715.966,723.0,715.966,720.4,11.032
2018-03-12 00:00:00,720.44,725.652,718.2,725.652,27.374
2018-03-12 00:15:00,722.608,725.038,721.162,721.513,10.291
2018-03-12 00:30:00,722.154,725.421,721.76,724.31,30.527
2018-03-12 00:45:00,724.31,725.389,723.31,725.389,13.334
2018-03-12 01:00:00,723.5,728.0,723.5,728.0,1.352
2018-03-12 01:15:00,728.0,728.0,726.3,728.0,6.637
2018-03-12 01:30:00,728.0,730.0,721.0,721.0,120.865
2018-03-12 01:45:00,721.0,723.942,719.992,723.942,7.218
2018-03-12 02:00:00,721.587,724.752,720.372,723.666,28.498
2018-03-12 02:15:00,723.447,725.336,722.838,723.966,6.64
2018-03-12 02:30:00,722.946,725.336,722.946,723.193,27.704
2018-03-12 02:45:00,725.198,725.336,721.647,723.714,25.483
2018-03-12 03:00:00,724.268,725.336,723.615,725.157,24.417
2018-03-12 03:15:00,722.494,723.426,720.336,720.336,17.176
2018-03-12 03:30:00,720.565,721.35,711.15,711.15,84.416
2018-03-12 03:45:00,713.3,715.461,711.15,715.066,7.572
2018-03-12 04:00:00,715.461,715.461,714.012,714.012,14.715
2018-03-12 04:15:00,715.012,721.9,714.147,719.595,59.61
2018-03-12 04:30:00,719.721,723.448,719.721,723.222,74.009
2018-03-12 04:45:00,721.842,723.576,721.842,723.566,10.234
2018-03-12 05:00:00,721.842,723.101,720.0,720.0,40.592
2018-03-12 05:15:00,718.037,724.518,717.227,723.504,17.905
2018-03-12 05:30:00,724.876,725.984,722.988,722.988,12.992
2018-03-12 05:45:00,723.501,725.984,722.988,722.988,15.118
2018-03-12 06:00:00,722.908,723.171,720.625,723.1,44.246
2018-03-12 06:15:00,723.1,725.984,721.142,725.603,45.539
2018-03-12 06:30:00,725.984,729.494,725.603,729.494,46.403
2018-03-12 06:45:00,728.982,728.982,725.615,727.529,15.229
2018-03-12 07:00:00,727.529,727.529,724.998,725.147,5.877
2018-03-12 07:15:00,727.292,727.392,722.46,725.338,3.417
2018-03-12 07:30:00,724.58,725.338,723.256,724.658,22.419
2018-03-12 07:45:00,727.471,727.471,723.707,726.634,22.452
2018-03-12 08:00:00,726.97,727.529,722.81,723.575,31.072
2018-03-12 08:15:00,723.52,723.77,721.809,722.322,7.901
2018-03-12 08:30:00,723.77,723.77,721.11,722.599,67.319
2018-03-12 08:45:00,722.599,724.167,721.128,723.491,30.449
2018-03-12 09:00:00,724.09,724.167,721.576,722.11,12.18
2018-03-12 09:15:00,722.11,725.95,722.11,725.95,6.28
2018-03-12 09:30:00,725.95,738.121,725.549,735.444,236.491
2018-03-12 09:45:00,735.444,740.0,734.966,737.44,90.634
2018-03-12 10:00:00,735.697,740.0,735.697,737.0,57.251
2018-03-12 10:15:00,737.0,740.0,736.13,736.182,40.15
2018-03-12 10:30:00,737.0,737.0,731.333,733.773,70.709
2018-03-12 10:45:00,733.773,734.499,732.01,733.274,53.964
2018-03-12 11:00:00,734.19,735.907,733.055,733.055,22.476
2018-03-12 11:15:00,733.077,734.936,732.681,734.936,8.833
2018-03-12 11:30:00,734.507,734.936,730.874,731.102,30.349
2018-03-12 11:45:00,733.356,735.97,731.111,735.97,20.393
2018-03-12 12:00:00,735.825,736.252,733.411,733.423,31.547
2018-03-12 12:15:00,734.189,734.582,732.319,733.0,6.036
2018-03-12 12:30:00,733.0,735.651,733.0,734.0,17.265
2018-03-12 12:45:00,733.055,734.1,731.064,733.0,37.676
2018-03-12 13:00:00,734.0,734.0,724.559,727.0,75.214
2018-03-12 13:15:00,727.0,729.757,725.401,726.595,52.334
2018-03-12 13:30:00,726.595,730.0,726.595,727.0,101.307
2018-03-12 13:45:00,727.0,729.961,727.0,727.19,13.385
2018-03-12 14:00:00,729.0,729.0,720.527,722.807,83.514
2018-03-12 14:15:00,724.184,725.398,702.451,703.0,113.973
2018-03-12 14:30:00,702.451,707.313,699.511,706.014,82.544
2018-03-12 14:45:00,705.887,706.181,696.819,698.94,129.88
2018-03-12 15:00:00,697.0,700.406,696.5,699.0,72.674
2018-03-12 15:15:00,699.0,701.895,698.506,699.005,49.486
2018-03-12 15:30:00,701.383,702.824,699.005,702.283,28.07
2018-03-12 15:45:00,701.749,701.786,691.383,692.65,69.072
2018-03-12 16:00:00,693.25,694.577,685.013,689.0,308.993
2018-03-12 16:15:00,690.387,695.513,688.285,692.966,33.19
2018-03-12 16:30:00,694.939,700.355,692.839,697.334,52.642
2018-03-12 16:45:00,696.878,700.545,695.866,697.076,17.776
2018-03-12 17:00:00,697.933,703.147,695.738,701.841,26.608
2018-03-12 17:15:00,700.638,700.638,690.0,690.0,33.838
2018-03-12 17:30:00,690.429,697.044,689.369,697.044,23.481
2018-03-12 17:45:00,697.044,699.119,693.554,695.62,41.041
2018-03-12 18:00:00,695.62,697.484,694.908,696.01,17.098
2018-03-12 18:15:00,696.01,698.887,694.156,698.178,21.609
2018-03-12 18:30:00,699.245,700.432,696.682,698.511,25.305
2018-03-12 18:45:00,697.153,700.766,697.153,700.0,9.285
2018-03-12 19:00:00,700.0,700.0,687.882,690.207,13.731
2018-03-12 19:15:00,692.632,693.362,680.0,682.845,88.254
2018-03-12 19:30:00,682.845,682.845,678.212,679.221,1368.154
2018-03-12 19:45:00,679.0,683.538,678.212,683.111,293.319
2018-03-12 20:00:00,684.523,686.747,677.243,682.504,42.109
2018-03-12 20:15:00,682.0,686.179,680.759,686.179,34.109
2018-03-12 20:30:00,686.0,692.862,685.382,691.738,41.945
2018-03-12 20:45:00,691.738,693.756,690.715,692.823,15.315
2018-03-12 21:00:00,692.546,693.292,690.0,692.476,2.998
2018-03-12 21:15:00,691.086,691.086,686.061,691.012,208.018
2018-03-12 21:30:00,689.93,693.168,689.255,691.223,33.188
2018-03-12 21:45:00,691.223,697.57,691.223,695.026,16.966
2018-03-12 22:00:00,695.026,700.0,692.404,697.86,35.081
2018-03-12 22:15:00,697.948,698.415,693.078,694.844,5.719
2018-03-12 22:30:00,695.818,695.818,687.695,692.823,36.845
2018-03-12 22:45:00,692.342,693.643,690.0,690.0,19.526
2018-03-12 23:00:00,690.429,697.414,690.0,696.34,20.622
2018-03-12 23:15:00,695.969,698.822,693.288,697.557,7.419
2018-03-12 23:30:00,697.365,699.616,697.365,698.2,29.287
2018-03-12 23:45:00,696.764,699.11,694.068,696.103,28.65
2018-03-13 00:00:00,695.669,696.104,690.871,694.984,21.552
2018-03-13 00:15:00,694.984,697.677,694.85,695.035,5.205
2018-03-13 00:30:00,695.412,702.0,695.1,699.875,41.015
2018-03-13 00:45:00,701.205,701.214,699.424,701.214,4.418
2018-03-13 01:00:00,701.214,703.744,700.343,701.107,18.194
2018-03-13 01:15:00,702.126,703.636,700.407,703.636,21.445
2018-03-13 01:30:00,702.861,703.833,699.462,699.462,32.8
2018-03-13 01:45:00,698.566,698.752,692.892,692.892,51.077
2018-03-13 02:00:00,692.415,697.109,692.415,694.12,8.386
2018-03-13 02:15:00,694.995,698.816,693.928,697.805,4.896
2018-03-13 02:30:00,699.263,699.263,696.586,696.864,8.681
2018-03-13 02:45:00,697.0,697.265,694.0,695.787,3.932
2018-03-13 03:00:00,697.166,697.166,692.045,692.045,15.329
2018-03-13 03:15:00,691.473,691.473,688.253,688.253,9.984
2018-03-13 03:30:00,690.04,693.942,689.925,693.942,100.183
2018-03-13 03:45:00,693.942,696.292,693.605,696.292,16.493
2018-03-13 04:00:00,695.163,710.0,695.163,707.549,35.291
2018-03-13 04:15:00,707.549,709.922,704.712,708.984,17.164
2018-03-13 04:30:00,708.137,714.224,705.742,714.224,41.824
2018-03-13 04:45:00,711.924,711.924,708.017,709.381,23.764
2018-03-13 05:00:00,709.381,711.01,705.88,710.026,6.663
2018-03-13 05:15:00,709.56,709.56,705.0,705.749,14.629
2018-03-13 05:30:00,706.73,708.2,705.429,708.09,17.898
2018-03-13 05:45:00,710.315,711.194,706.579,709.507,17.035
2018-03-13 06:00:00,710.097,712.397,709.507,710.706,47.037
2018-03-13 06:15:00,710.999,711.286,708.281,708.704,43.88
2018-03-13 06:30:00,708.704,711.19,707.632,709.84,18.31
2018-03-13 06:45:00,710.959,710.959,707.0,707.0,11.623
2018-03-13 07:00:00,707.423,707.423,696.908,701.446,78.692
2018-03-13 07:15:00,701.235,701.235,695.661,698.995,48.366
2018-03-13 07:30:00,698.995,699.986,690.785,694.694,12.935
2018-03-13 07:45:00,695.0,701.082,695.0,701.017,7.233
2018-03-13 08:00:00,701.017,701.786,696.772,699.155,8.595
2018-03-13 08:15:00,697.375,697.375,694.129,694.7,16.608
2018-03-13 08:30:00,695.137,701.007,695.137,698.427,17.792
2018-03-13 08:45:00,699.325,700.334,697.585,697.777,9.794
2018-03-13 09:00:00,697.819,700.182,697.819,698.767,9.022
2018-03-13 09:15:00,698.427,705.491,698.427,705.491,20.917
2018-03-13 09:30:00,705.491,709.607,703.318,704.405,42.867
2018-03-13 09:45:00,703.41,705.967,699.301,705.783,34.936
2018-03-13 10:00:00,705.5,705.799,696.222,699.029,13.653
2018-03-13 10:15:00,699.029,702.585,698.422,701.274,37.614
2018-03-13 10:30:00,701.255,702.639,692.0,692.876,21.6
2018-03-13 10:45:00,692.874,692.874,686.227,687.639,35.063
2018-03-13 11:00:00,686.503,690.566,685.612,687.4,22.803
2018-03-13 11:15:00,687.789,695.012,685.223,695.012,31.365
2018-03-13 11:30:00,693.632,693.632,690.387,691.218,18.379
2018-03-13 11:45:00,691.878,694.968,689.628,694.422,5.315
2018-03-13 12:00:00,694.716,694.8,686.049,688.168,234.375
2018-03-13 12:15:00,687.932,693.5,687.212,690.302,20.261
2018-03-13 12:30:00,689.922,689.922,687.779,688.442,13.439
2018-03-13 12:45:00,687.603,688.096,682.0,685.993,32.178
2018-03-13 13:00:00,686.311,693.5,685.308,690.0,59.7
2018-03-13 13:15:00,690.0,696.0,689.884,695.339,54.385
2018-03-13 13:30:00,696.0,696.359,689.612,690.54,28.521
2018-03-13 13:45:00,690.54,691.239,688.097,690.193,14.077
2018-03-13 14:00:00,689.83,690.78,686.411,688.05,39.772
2018-03-13 14:15:00,687.577,688.837,685.577,685.577,19.523
2018-03-13 14:30:00,686.005,691.734,684.122,691.734,79.769
2018-03-13 14:45:00,690.979,690.979,684.0,685.946,15.518
2018-03-13 15:00:00,686.985,688.975,684.0,684.929,25.857
2018-03-13 15:15:00,684.618,688.016,681.728,681.728,24.412
2018-03-13 15:30:00,683.0,684.891,681.0,684.891,13.496
2018-03-13 15:45:00,684.896,687.213,682.99,685.212,25.892
2018-03-13 16:00:00,686.077,687.544,682.99,683.511,35.247
2018-03-13 16:15:00,683.511,686.444,683.511,686.444,51.682
2018-03-13 16:30:00,684.08,697.569,683.214,696.903,92.429
2018-03-13 16:45:00,698.5,699.043,694.173,696.325,71.608
2018-03-13 17:00:00,696.325,697.512,691.901,694.429,21.861
2018-03-13 17:15:00,694.429,694.429,691.515,693.643,20.447
2018-03-13 17:30:00,692.503,694.188,690.0,691.121,10.183
2018-03-13 17:45:00,693.007,693.789,689.368,689.368,332.306
2018-03-13 18:00:00,689.368,689.368,686.734,688.233,15.993
2018-03-13 18:15:00,687.445,687.445,683.814,684.5,22.652
2018-03-13 18:30:00,684.5,686.013,681.656,682.716,58.422
2018-03-13 18:45:00,682.0,687.0,681.656,685.067,10.658
2018-03-13 19:00:00,684.987,686.733,682.905,683.138,15.698
2018-03-13 19:15:00,684.845,687.265,684.801,685.522,14.374
2018-03-13 19:30:00,684.802,686.704,679.01,680.088,189.523
2018-03-13 19:45:00,680.088,682.724,679.01,680.793,11.747
2018-03-13 20:00:00,680.542,682.128,680.0,680.461,6.054
2018-03-13 20:15:00,681.0,681.0,680.0,680.0,15.838
2018-03-13 20:30:00,681.0,689.589,679.01,683.74,67.878
2018-03-13 20:45:00,683.544,683.544,679.01,679.353,18.524
2018-03-13 21:00:00,679.871,682.0,678.68,680.171,24.247
2018-03-13 21:15:00,682.0,683.968,680.476,682.196,26.113
2018-03-13 21:30:00,683.491,684.0,682.0,682.511,12.272
2018-03-13 21:45:00,682.792,683.844,682.478,683.844,5.676
2018-03-13 22:00:00,683.05,687.231,683.05,685.269,63.759
2018-03-13 22:15:00,685.269,691.374,684.078,689.737,22.199
2018-03-13 22:30:00,690.0,691.092,686.675,686.758,12.518
2018-03-13 22:45:00,688.24,689.0,686.379,689.0,15.627
2018-03-13 23:00:00,687.289,689.92,687.289,688.12,15.609
2018-03-13 23:15:00,689.132,689.536,686.82,686.82,4.004
2018-03-13 23:30:00,689.412,690.473,688.618,689.353,0.09
2018-03-13 23:45:00,688.027,689.991,686.951,687.08,6.175
2018-03-14 00:00:00,689.16,694.635,688.468,692.7,56.671
2018-03-14 00:15:00,693.92,694.35,691.546,694.35,13.283
2018-03-14 00:30:00,693.504,694.265,691.085,692.199,10.197
2018-03-14 00:45:00,692.15,699.8,692.15,695.1,37.161
2018-03-14 01:00:00,695.1,701.908,695.1,700.774,40.33
2018-03-14 01:15:00,701.175,701.908,700.0,701.901,2.551
2018-03-14 01:30:00,700.599,701.908,700.0,700.655,8.974
2018-03-14 01:45:00,700.593,702.579,700.0,701.017,15.656
2018-03-14 02:00:00,701.017,703.0,700.0,700.883,18.577
2018-03-14 02:15:00,701.315,703.413,700.444,700.444,4.944
2018-03-14 02:30:00,700.444,702.329,700.444,701.38,12.532
2018-03-14 02:45:00,701.95,702.013,700.0,700.034,32.626
2018-03-14 03:00:00,701.634,701.634,698.98,698.98,9.808
2018-03-14 03:15:00,698.98,700.923,698.731,700.769,21.289
2018-03-14 03:30:00,700.153,700.784,699.203,699.203,11.216
2018-03-14 03:45:00,699.481,700.712,699.481,700.381,38.798
2018-03-14 04:00:00,700.989,700.989,686.999,689.243,77.031
2018-03-14 04:15:00,688.452,690.941,687.954,690.109,3.276
2018-03-14 04:30:00,690.204,692.224,688.35,692.224,10.164
2018-03-14 04:45:00,692.5,692.914,688.35,688.35,11.603
2018-03-14 05:00:00,689.666,690.4,688.35,690.4,1.764
2018-03-14 05:15:00,690.4,691.895,689.1,691.895,6.007
2018-03-14 05:30:00,691.895,691.895,691.0,691.895,5.69
2018-03-14 05:45:00,691.895,694.0,691.0,692.237,120.758
2018-03-14 06:00:00,692.237,692.339,691.0,692.205,35.137
2018-03-14 06:15:00,692.205,692.205,689.401,689.526,33.618
2018-03-14 06:30:00,691.0,691.561,689.487,689.701,159.647
2018-03-14 06:45:00,691.114,691.203,688.181,691.203,5.904
2018-03-14 07:00:00,692.358,692.358,689.365,691.473,3.722
2018-03-14 07:15:00,689.847,692.389,689.847,692.389,3.863
2018-03-14 07:30:00,692.273,692.273,690.431,691.276,4.206
2018-03-14 07:45:00,691.276,693.0,688.498,688.498,12.823
2018-03-14 08:00:00,689.0,691.759,688.304,691.759,2.232
2018-03-14 08:15:00,689.78,692.262,689.276,689.725,17.839
2018-03-14 08:30:00,691.429,691.429,689.275,689.574,5.659
2018-03-14 08:45:00,691.319,692.19,688.575,688.98,24.84
2018-03-14 09:00:00,688.429,690.631,688.429,689.0,9.484
2018-03-14 09:15:00,689.764,689.764,683.393,684.489,55.113
2018-03-14 09:30:00,684.489,684.489,675.0,679.953,121.617
2018-03-14 09:45:00,679.953,679.953,670.757,672.672,168.759
2018-03-14 10:00:00,672.672,676.314,672.672,673.0,63.734
2018-03-14 10:15:00,675.657,675.657,663.0,667.0,74.628
2018-03-14 10:30:00,664.2,665.8,660.0,660.427,96.633
2018-03-14 10:45:00,662.0,667.0,660.558,664.613,140.626
2018-03-14 11:00:00,663.974,665.704,657.0,659.808,310.997
2018-03-14 11:15:00,660.2,663.505,658.866,661.0,35.804
2018-03-14 11:30:00,660.0,664.222,660.0,661.379,141.067
2018-03-14 11:45:00,661.132,661.858,654.0,654.453,62.909
2018-03-14 12:00:00,655.914,655.914,650.486,650.889,38.264
2018-03-14 12:15:00,651.0,658.0,640.0,655.0,654.622
2018-03-14 12:30:00,657.0,657.0,632.232,656.0,2290.478
2018-03-14 12:45:00,656.344,657.999,654.018,654.018,65.326
2018-03-14 13:00:00,652.32,656.552,652.32,655.896,43.979
2018-03-14 13:15:00,655.896,655.896,647.651,651.0,68.057
2018-03-14 13:30:00,651.0,653.281,648.0,650.0,34.185
2018-03-14 13:45:00,653.0,655.883,653.0,653.0,16.801
2018-03-14 14:00:00,655.883,657.999,653.0,657.0,190.965
2018-03-14 14:15:00,657.0,662.823,655.0,662.823,200.848
2018-03-14 14:30:00,659.0,664.1,657.999,657.999,49.901
2018-03-14 14:45:00,655.578,659.407,655.578,657.0,77.7
2018-03-14 15:00:00,659.0,659.0,655.0,655.0,20.073
2018-03-14 15:15:00,656.5,656.5,648.0,648.0,42.688
2018-03-14 15:30:00,648.0,655.921,648.0,652.0,80.975
2018-03-14 15:45:00,652.0,655.911,652.0,652.5,20.85
2018-03-14 16:00:00,651.25,655.0,651.25,651.402,38.36
2018-03-14 16:15:00,651.4,653.0,649.0,650.0,31.086
2018-03-14 16:30:00,649.0,649.0,633.896,633.99,349.854
2018-03-14 16:45:00,633.99,636.0,628.42,629.1,413.068
2018-03-14 17:00:00,629.99,633.38,610.0,620.0,755.925
2018-03-14 17:15:00,620.0,624.538,620.0,624.538,141.406
2018-03-14 17:30:00,622.1,631.0,622.1,630.689,251.054
2018-03-14 17:45:00,626.616,626.616,619.889,621.498,41.711
2018-03-14 18:00:00,621.0,625.126,613.758,619.189,167.859
2018-03-14 18:15:00,615.933,618.6,612.725,613.8,49.636
2018-03-14 18:30:00,613.8,620.324,613.758,613.758,142.005
2018-03-14 18:45:00,613.81,618.382,613.81,618.382,14.135
2018-03-14 19:00:00,614.382,617.949,613.758,617.0,38.439
2018-03-14 19:15:00,617.0,620.0,617.0,620.0,28.102
2018-03-14 19:30:00,620.0,621.326,618.0,621.326,22.562
2018-03-14 19:45:00,621.326,621.326,616.681,618.0,98.383
2018-03-14 20:00:00,616.681,616.681,606.58,612.451,471.384
2018-03-14 20:15:00,613.294,616.817,612.194,616.122,83.543
2018-03-14 20:30:00,617.554,617.6,612.544,612.544,183.452
2018-03-14 20:45:00,611.932,614.802,611.932,613.554,27.718
2018-03-14 21:00:00,613.544,614.971,603.0,603.0,108.274
2018-03-14 21:15:00,603.0,605.942,600.9,602.0,384.21
2018-03-14 21:30:00,603.0,605.0,593.458,597.408,480.268
2018-03-14 21:45:00,597.408,597.408,553.067,580.515,2520.527
2018-03-14 22:00:00,586.0,599.338,581.056,598.6,654.372
2018-03-14 22:15:00,599.0,611.3,598.6,606.221,929.354
2018-03-14 22:30:00,606.0,606.0,598.719,604.911,38.875
2018-03-14 22:45:00,602.0,603.304,598.491,602.386,245.637
2018-03-14 23:00:00,599.209,607.518,599.209,606.952,93.335
2018-03-14 23:15:00,607.0,612.03,605.862,612.03,107.1
2018-03-14 23:30:00,612.03,613.0,609.742,611.467,50.706
2018-03-14 23:45:00,609.779,611.58,609.22,610.397,20.939
2018-03-15 00:00:00,611.064,616.0,610.0,615.02,138.575
2018-03-15 00:15:00,615.02,615.711,605.158,605.862,95.512
2018-03-15 00:30:00,605.862,607.851,599.011,603.7,145.864
2018-03-15 00:45:00,605.961,609.0,598.081,599.222,92.958
2018-03-15 01:00:00,599.541,601.543,598.0,600.0,189.64
2018-03-15 01:15:00,599.189,604.178,598.0,601.4,31.787
2018-03-15 01:30:00,601.4,607.5,601.4,603.186,20.874
2018-03-15 01:45:00,603.375,607.478,598.15,603.343,187.355
2018-03-15 02:00:00,603.343,603.343,589.99,591.0,99.723
2018-03-15 02:15:00,591.0,594.486,582.282,584.0,126.72
2018-03-15 02:30:00,582.282,586.982,582.282,584.0,190.76
2018-03-15 02:45:00,584.0,584.0,568.38,573.0,709.623
2018-03-15 03:00:00,573.0,582.776,569.0,580.0,92.153
2018-03-15 03:15:00,581.0,589.0,579.0,588.48,143.441
2018-03-15 03:30:00,588.48,588.48,582.025,587.0,38.721
2018-03-15 03:45:00,587.0,589.0,580.0,580.0,104.08
2018-03-15 04:00:00,581.0,586.403,576.196,581.767,253.217
2018-03-15 04:15:00,584.574,584.574,581.292,583.38,12.809
2018-03-15 04:30:00,583.406,588.186,583.406,586.403,31.497
2018-03-15 04:45:00,587.12,592.99,586.403,590.077,37.85
2018-03-15 05:00:00,590.077,593.266,581.622,583.483,170.437
2018-03-15 05:15:00,583.483,586.499,577.998,584.24,179.462
2018-03-15 05:30:00,584.4,585.1,579.84,584.03,513.464
2018-03-15 05:45:00,583.138,584.28,578.41,582.0,40.045
2018-03-15 06:00:00,582.0,582.0,572.954,574.828,76.402
2018-03-15 06:15:00,574.159,580.058,574.159,577.258,78.32
2018-03-15 06:30:00,577.258,584.28,574.824,584.28,57.547
2018-03-15 06:45:00,583.245,585.29,581.38,585.29,14.708
2018-03-15 07:00:00,585.29,594.535,585.245,592.0,105.932
2018-03-15 07:15:00,591.09,592.0,587.672,588.259,48.398
2018-03-15 07:30:00,589.517,592.408,587.031,591.565,180.179
2018-03-15 07:45:00,591.565,593.268,588.77,592.0,81.053
2018-03-15 08:00:00,592.0,592.0,586.417,586.417,62.367
2018-03-15 08:15:00,589.806,590.861,586.978,590.861,20.917
2018-03-15 08:30:00,588.15,607.41,588.15,607.41,34.658
2018-03-15 08:45:00,607.0,612.939,605.913,612.0,183.666
2018-03-15 09:00:00,612.0,612.0,608.0,608.0,95.201
2018-03-15 09:15:00,609.0,617.37,608.0,617.37,72.193
2018-03-15 09:30:00,617.37,617.37,611.6,616.2,73.389
2018-03-15 09:45:00,616.2,618.979,612.028,615.004,62.354
2018-03-15 10:00:00,615.004,618.62,613.182,617.0,102.235
2018-03-15 10:15:00,618.62,618.62,610.038,610.038,45.491
2018-03-15 10:30:00,613.0,613.0,601.124,603.44,68.723
2018-03-15 10:45:00,602.233,607.956,602.152,607.956,12.327
2018-03-15 11:00:00,607.956,614.435,605.956,612.452,45.537
2018-03-15 11:15:00,609.503,613.762,607.7,613.762,72.361
2018-03-15 11:30:00,613.762,613.762,609.535,612.0,21.294
2018-03-15 11:45:00,614.7,619.944,610.0,616.0,47.567
2018-03-15 12:00:00,616.0,616.5,608.812,612.587,145.664
2018-03-15 12:15:00,612.587,612.587,603.0,604.0,57.949
2018-03-15 12:30:00,604.0,611.363,601.98,608.8,23.497
2018-03-15 12:45:00,604.45,610.102,603.734,610.102,189.827
2018-03-15 13:00:00,606.037,611.407,606.037,611.407,39.481
2018-03-15 13:15:00,608.365,610.893,606.394,610.0,26.058
2018-03-15 13:30:00,610.0,610.0,605.0,609.207,19.632
2018-03-15 13:45:00,609.1,619.973,609.1,619.9,41.099
2018-03-15 14:00:00,619.9,620.853,616.681,616.681,73.928
2018-03-15 14:15:00,616.681,619.0,616.0,619.0,91.744
2018-03-15 14:30:00,618.5,618.5,614.0,615.0,100.531
2018-03-15 14:45:00,616.774,617.0,612.055,615.0,60.045
2018-03-15 15:00:00,613.943,617.233,596.111,596.111,199.607
2018-03-15 15:15:00,596.111,599.005,592.235,598.73,111.69
2018-03-15 15:30:00,593.0,594.0,588.0,593.0,206.603
2018-03-15 15:45:00,593.0,600.286,593.0,597.377,25.518
2018-03-15 16:00:00,600.0,603.862,597.6,600.0,78.826
2018-03-15 16:15:00,596.724,597.6,595.01,595.01,9.13
2018-03-15 16:30:00,593.0,594.0,588.65,591.766,21.887
2018-03-15 16:45:00,594.0,602.701,593.928,600.0,207.834
2018-03-15 17:00:00,599.0,606.0,598.58,606.0,43.399
2018-03-15 17:15:00,603.548,607.904,602.917,605.933,12.975
2018-03-15 17:30:00,605.933,607.316,602.86,602.86,55.136
2018-03-15 17:45:00,602.86,604.208,600.0,602.0,5.893
2018-03-15 18:00:00,600.0,603.542,599.99,603.542,44.954
2018-03-15 18:15:00,603.0,604.29,598.58,598.58,14.631
2018-03-15 18:30:00,598.58,599.99,596.365,596.967,7.39
2018-03-15 18:45:00,599.0,599.299,596.967,598.155,40.193
2018-03-15 19:00:00,599.99,602.0,598.713,599.592,14.969
2018-03-15 19:15:00,602.0,603.288,599.592,601.601,25.653
2018-03-15 19:30:00,601.601,607.0,601.601,605.215,9.807
2018-03-15 19:45:00,605.215,605.215,600.0,603.903,90.104
2018-03-15 20:00:00,599.601,605.05,599.601,605.05,22.583
2018-03-15 20:15:00,605.05,605.05,600.0,600.05,74.145
2018-03-15 20:30:00,600.05,605.05,600.05,602.448,17.291
2018-03-15 20:45:00,602.448,605.0,601.163,604.0,20.085
2018-03-15 21:00:00,604.0,605.0,601.227,604.0,33.897
2018-03-15 21:15:00,604.0,605.0,601.227,601.987,62.941
2018-03-15 21:30:00,601.227,605.884,601.227,605.884,68.362
2018-03-15 21:45:00,605.884,610.025,605.884,610.025,70.883
2018-03-15 22:00:00,610.025,613.02,606.725,611.0,44.159
2018-03-15 22:15:00,613.02,613.02,611.0,611.01,54.763
2018-03-15 22:30:00,611.0,613.117,611.0,613.0,12.667
2018-03-15 22:45:00,613.01,613.01,608.698,611.58,60.051
2018-03-15 23:00:00,613.02,613.693,609.783,613.693,72.723
2018-03-15 23:15:00,613.693,614.885,609.64,609.64,3.774
2018-03-15 23:30:00,609.64,610.0,608.698,610.0,14.693
2018-03-15 23:45:00,610.0,610.944,608.698,610.0,7.492
2018-03-16 00:00:00,610.0,613.5,610.0,613.0,22.063
2018-03-16 00:15:00,613.0,616.59,610.651,616.59,27.569
2018-03-16 00:30:00,613.59,613.59,606.01,606.01,62.127
2018-03-16 00:45:00,606.01,606.01,593.007,595.325,145.095
2018-03-16 01:00:00,597.906,597.906,592.91,592.91,7.481
2018-03-16 01:15:00,597.487,597.487,586.895,586.895,182.732
2018-03-16 01:30:00,586.895,591.563,586.895,591.0,4.957
2018-03-16 01:45:00,591.0,591.563,583.0,589.152,98.96
2018-03-16 02:00:00,586.3,596.732,586.3,591.357,22.544
2018-03-16 02:15:00,591.476,598.573,591.476,595.0,8.273
2018-03-16 02:30:00,598.0,598.0,595.0,595.0,8.51
2018-03-16 02:45:00,598.0,602.284,598.0,600.0,16.048
2018-03-16 03:00:00,600.0,604.29,600.0,600.499,34.954
2018-03-16 03:15:00,600.499,600.499,596.14,600.0,73.875
2018-03-16 03:30:00,600.0,600.0,597.609,597.609,2.231
2018-03-16 03:45:00,596.557,600.0,595.608,598.0,11.798
2018-03-16 04:00:00,596.399,601.0,596.399,597.569,7.568
2018-03-16 04:15:00,599.0,605.0,599.0,605.0,26.296
2018-03-16 04:30:00,605.0,608.42,603.709,608.42,61.855
2018-03-16 04:45:00,608.325,608.42,607.0,608.29,26.266
2018-03-16 05:00:00,608.29,608.29,607.0,607.0,3.035
2018-03-16 05:15:00,607.001,608.42,607.0,607.0,12.643
2018-03-16 05:30:00,608.42,611.0,608.42,611.0,18.693
2018-03-16 05:45:00,609.8,610.594,607.0,607.0,5.28
2018-03-16 06:00:00,608.32,608.32,607.0,607.0,77.639
2018-03-16 06:15:00,607.889,609.621,607.0,609.621,37.436
2018-03-16 06:30:00,609.621,613.536,609.611,613.536,25.344
2018-03-16 06:45:00,613.107,613.107,605.037,608.078,43.131
2018-03-16 07:00:00,605.037,609.528,605.037,609.0,35.793
2018-03-16 07:15:00,609.0,609.528,609.0,609.528,0.363
2018-03-16 07:30:00,609.528,610.422,607.0,609.528,82.343
2018-03-16 07:45:00,608.011,612.0,608.011,610.109,124.362
2018-03-16 08:00:00,610.109,610.109,605.036,608.355,48.299
2018-03-16 08:15:00,607.056,611.914,607.056,607.056,8.522
2018-03-16 08:30:00,607.056,609.303,605.155,605.155,42.42
2018-03-16 08:45:00,605.155,608.0,605.155,605.155,46.512
2018-03-16 09:00:00,606.45,606.45,595.832,597.0,41.395
2018-03-16 09:15:00,597.0,606.346,597.0,606.346,96.949
2018-03-16 09:30:00,601.5,605.576,600.0,600.0,27.996
2018-03-16 09:45:00,600.0,603.97,596.0,598.0,39.656
2018-03-16 10:00:00,603.785,603.785,597.733,597.733,17.722
2018-03-16 10:15:00,597.733,599.0,596.457,596.46,11.618
2018-03-16 10:30:00,596.673,599.0,595.608,595.608,6.519
2018-03-16 10:45:00,597.736,597.736,595.01,597.735,3.726
2018-03-16 11:00:00,597.735,600.0,595.01,600.0,57.662
2018-03-16 11:15:00,597.5,601.325,597.5,598.0,26.012
2018-03-16 11:30:00,601.0,601.0,598.0,600.0,21.777
2018-03-16 11:45:00,600.8,605.0,600.8,605.0,11.154
2018-03-16 12:00:00,605.0,605.0,601.325,605.0,62.538
2018-03-16 12:15:00,603.274,604.169,603.274,603.5,0.373
2018-03-16 12:30:00,604.0,604.0,600.385,600.385,3.35
2018-03-16 12:45:00,604.0,604.0,604.0,604.0,1.739
2018-03-16 13:00:00,603.0,603.0,600.041,600.041,2.881
2018-03-16 13:15:00,600.2,616.0,598.0,616.0,76.319
2018-03-16 13:30:00,616.0,617.0,612.0,612.0,117.794
2018-03-16 13:45:00,612.0,615.0,610.191,613.0,162.538
2018-03-16 14:00:00,613.0,618.0,611.443,615.683,151.674
2018-03-16 14:15:00,613.276,618.912,613.276,618.912,213.925
2018-03-16 14:30:00,616.0,619.532,616.0,618.293,26.361
2018-03-16 14:45:00,616.55,618.0,616.1,617.418,23.291
2018-03-16 15:00:00,617.418,618.738,613.687,616.0,40.151
2018-03-16 15:15:00,616.376,618.0,613.959,615.0,124.74
2018-03-16 15:30:00,615.0,622.336,615.0,622.168,30.483
2018-03-16 15:45:00,622.168,624.51,620.128,623.2,299.994
2018-03-16 16:00:00,621.0,623.2,616.512,619.16,60.26
2018-03-16 16:15:00,616.512,621.917,616.512,617.037,22.987
2018-03-16 16:30:00,619.0,620.462,617.037,620.462,12.418
2018-03-16 16:45:00,620.1,623.0,619.027,619.956,22.467
2018-03-16 17:00:00,622.789,622.789,616.2,620.0,217.48
2018-03-16 17:15:00,620.0,620.79,618.0,618.0,32.913
2018-03-16 17:30:00,619.0,623.0,618.2,622.41,32.549
2018-03-16 17:45:00,620.556,623.45,620.0,620.0,25.444
2018-03-16 18:00:00,620.0,621.326,618.2,621.326,27.748
2018-03-16 18:15:00,619.127,621.326,619.127,621.056,3.96
2018-03-16 18:30:00,619.127,621.056,618.2,618.2,9.218
2018-03-16 18:45:00,618.2,620.124,618.2,620.124,20.656
2018-03-16 19:00:00,620.124,620.124,618.2,618.2,18.837
2018-03-16 19:15:00,619.814,622.1,618.0,619.076,41.308
2018-03-16 19:30:00,620.121,621.167,619.811,620.543,9.99
2018-03-16 19:45:00,622.1,622.655,619.614,619.614,70.377
2018-03-16 20:00:00,619.614,621.721,618.291,619.7,2.515
2018-03-16 20:15:00,618.291,619.7,614.443,614.443,39.389
2018-03-16 20:30:00,615.0,615.029,610.814,613.412,23.843
2018-03-16 20:45:00,612.103,613.0,611.468,611.879,5.332
2018-03-16 21:00:00,611.879,613.0,609.403,610.0,46.567
2018-03-16 21:15:00,609.6,610.0,606.961,608.0,104.61
2018-03-16 21:30:00,608.0,613.0,607.61,613.0,160.194
2018-03-16 21:45:00,610.0,613.0,610.0,611.0,19.48
2018-03-16 22:00:00,610.012,613.412,610.012,613.412,21.586
2018-03-16 22:15:00,613.412,614.0,613.412,613.412,52.501
2018-03-16 22:30:00,612.0,614.0,610.345,610.624,19.203
2018-03-16 22:45:00,611.345,612.0,609.552,609.552,16.215
2018-03-16 23:00:00,610.345,613.621,609.552,610.117,30.059
2018-03-16 23:15:00,611.167,611.167,609.552,611.167,1.181
2018-03-16 23:30:00,611.167,613.095,598.851,601.071,151.873
2018-03-16 23:45:00,601.071,601.071,598.252,601.0,51.531
2018-03-17 00:00:00,598.759,600.78,598.0,598.679,21.622
2018-03-17 00:15:00,600.179,600.779,595.795,598.19,25.737
2018-03-17 00:30:00,600.0,604.0,600.0,601.584,67.444
2018-03-17 00:45:00,601.584,603.462,599.396,600.614,39.715
2018-03-17 01:00:00,600.614,605.292,600.599,600.599,13.896
2018-03-17 01:15:00,600.599,602.859,591.943,593.858,105.272
2018-03-17 01:30:00,594.0,596.172,591.957,593.209,35.597
2018-03-17 01:45:00,595.557,595.557,593.209,593.89,51.445
2018-03-17 02:00:00,593.89,595.557,592.227,592.64,65.633
2018-03-17 02:15:00,592.64,596.396,592.64,596.396,15.12
2018-03-17 02:30:00,594.246,597.74,594.246,596.627,36.308
2018-03-17 02:45:00,594.4,600.0,592.978,599.338,25.385
2018-03-17 03:00:00,600.0,600.0,598.0,598.0,3.24
2018-03-17 03:15:00,598.0,598.0,595.938,598.0,3.957
2018-03-17 03:30:00,598.744,598.744,598.744,598.744,1.133
2018-03-17 03:45:00,599.279,599.279,598.0,599.279,43.603
2018-03-17 04:00:00,595.938,600.0,595.938,595.938,0.402
2018-03-17 04:15:00,595.0,597.213,594.283,597.0,64.662
2018-03-17 04:30:00,598.277,599.236,597.0,597.0,8.404
2018-03-17 04:45:00,597.0,600.0,597.0,600.0,3.928
2018-03-17 05:00:00,597.056,597.301,595.726,597.301,2.988
2018-03-17 05:15:00,597.036,597.036,595.726,596.0,9.046
2018-03-17 05:30:00,598.086,598.395,597.311,597.311,1.585
2018-03-17 05:45:00,598.001,599.965,596.085,596.085,2.682
2018-03-17 06:00:00,596.085,599.965,596.085,599.285,12.547
2018-03-17 06:15:00,595.726,598.351,595.266,598.351,3.292
2018-03-17 06:30:00,597.266,598.351,596.576,598.34,12.473
2018-03-17 06:45:00,598.351,602.0,598.34,601.0,25.271
2018-03-17 07:00:00,599.0,603.2,599.0,603.2,11.918
2018-03-17 07:15:00,602.597,603.2,602.597,602.597,1.377
2018-03-17 07:30:00,602.0,602.49,600.0,600.0,7.819
2018-03-17 07:45:00,602.49,603.2,599.0,603.0,16.304
2018-03-17 08:00:00,603.0,603.0,597.0,600.959,11.67
2018-03-17 08:15:00,599.0,600.959,599.0,599.0,2.246
2018-03-17 08:30:00,601.0,601.0,599.0,599.0,15.536
2018-03-17 08:45:00,601.0,610.914,601.0,610.0,55.828
2018-03-17 09:00:00,606.384,610.0,606.384,606.389,15.68
2018-03-17 09:15:00,607.0,610.0,606.389,610.0,2.306
2018-03-17 09:30:00,606.389,608.485,605.0,608.485,4.768
2018-03-17 09:45:00,605.0,607.0,604.2,604.2,4.307
2018-03-17 10:00:00,604.2,604.2,601.51,601.51,10.203
2018-03-17 10:15:00,602.111,602.111,598.519,599.777,27.979
2018-03-17 10:30:00,599.777,602.851,598.554,599.754,32.354
2018-03-17 10:45:00,602.704,602.704,601.0,601.0,1.867
2018-03-17 11:00:00,602.704,602.704,602.704,602.704,4.515
2018-03-17 11:15:00,602.704,604.508,601.0,604.508,9.291
2018-03-17 11:30:00,604.5,604.5,601.2,602.671,1.034
2018-03-17 11:45:00,601.2,602.671,599.165,600.0,12.941
2018-03-17 12:00:00,600.0,600.0,594.0,594.0,21.921
2018-03-17 12:15:00,596.8,596.8,588.0,592.79,153.616
2018-03-17 12:30:00,591.403,591.907,588.0,588.0,58.413
2018-03-17 12:45:00,588.0,591.011,588.0,588.215,66.42
2018-03-17 13:00:00,589.915,594.123,586.55,590.0,68.605
2018-03-17 13:15:00,587.1,590.0,583.617,585.227,24.464
2018-03-17 13:30:00,585.227,590.0,580.351,583.92,90.574
2018-03-17 13:45:00,583.92,583.92,580.351,583.92,204.971
2018-03-17 14:00:00,583.92,590.0,581.0,582.542,69.723
2018-03-17 14:15:00,582.542,583.564,582.542,583.564,80.419
2018-03-17 14:30:00,583.564,587.21,582.542,582.542,16.058
2018-03-17 14:45:00,582.542,583.788,580.351,580.351,107.052
2018-03-17 15:00:00,580.351,583.178,575.542,575.542,216.168
2018-03-17 15:15:00,575.542,579.0,575.358,576.0,27.187
2018-03-17 15:30:00,575.491,579.0,575.0,576.638,34.635
2018-03-17 15:45:00,576.638,579.0,574.339,576.638,35.788
2018-03-17 16:00:00,574.339,575.339,573.203,575.0,112.094
2018-03-17 16:15:00,574.0,576.6,573.203,576.6,45.899
2018-03-17 16:30:00,576.6,577.577,573.315,576.638,37.962
2018-03-17 16:45:00,575.0,575.0,571.343,573.06,19.887
2018-03-17 17:00:00,571.343,574.429,571.343,572.0,73.412
2018-03-17 17:15:00,571.837,575.0,571.837,575.0,28.145
2018-03-17 17:30:00,575.369,575.369,571.837,573.0,24.981
2018-03-17 17:45:00,573.0,574.429,570.0,573.0,120.186
2018-03-17 18:00:00,573.0,573.0,571.0,572.429,16.626
2018-03-17 18:15:00,572.429,572.429,569.63,569.63,83.606
2018-03-17 18:30:00,570.0,572.0,567.0,567.0,107.251
2018-03-17 18:45:00,567.3,567.3,556.248,561.333,155.694
2018-03-17 19:00:00,558.857,562.0,555.556,558.298,430.436
2018-03-17 19:15:00,555.556,558.187,555.556,555.556,164.749
2018-03-17 19:30:00,555.556,557.314,553.667,553.894,214.009
2018-03-17 19:45:00,553.667,553.894,547.155,551.984,167.61
2018-03-17 20:00:00,551.984,553.727,542.898,548.421,82.779
2018-03-17 20:15:00,545.8,550.801,544.418,548.226,191.966
2018-03-17 20:30:00,547.99,550.296,544.928,544.928,25.096
2018-03-17 20:45:00,544.928,550.0,544.928,547.153,21.353
2018-03-17 21:00:00,550.0,555.0,547.2,555.0,46.157
2018-03-17 21:15:00,555.0,564.939,552.654,564.0,869.068
2018-03-17 21:30:00,561.56,561.58,557.37,557.46,36.995
2018-03-17 21:45:00,557.0,560.0,555.646,555.646,18.33
2018-03-17 22:00:00,555.646,561.56,555.0,557.083,56.779
2018-03-17 22:15:00,557.083,558.004,556.0,556.0,64.02
2018-03-17 22:30:00,556.0,561.127,556.0,561.127,24.995
2018-03-17 22:45:00,561.56,564.6,561.0,563.8,65.772
2018-03-17 23:00:00,561.3,562.8,555.209,555.209,115.395
2018-03-17 23:15:00,554.56,555.156,546.966,549.107,82.976
2018-03-17 23:30:00,549.107,550.82,546.97,547.979,45.636
2018-03-17 23:45:00,549.4,552.474,547.979,550.037,29.053
2018-03-18 00:00:00,550.037,550.49,545.0,550.49,11.007
2018-03-18 00:15:00,548.486,548.486,533.451,533.451,343.275
2018-03-18 00:30:00,533.605,535.358,526.822,526.822,134.858
2018-03-18 00:45:00,527.0,527.0,522.62,525.32,310.872
2018-03-18 01:00:00,522.62,536.694,522.62,530.0,329.129
2018-03-18 01:15:00,528.869,537.089,527.274,535.115,247.469
2018-03-18 01:30:00,535.699,535.7,532.3,534.842,71.987
2018-03-18 01:45:00,532.3,534.839,527.0,527.0,79.08
2018-03-18 02:00:00,527.596,527.596,518.0,522.129,251.817
2018-03-18 02:15:00,522.129,522.129,517.426,517.426,42.04
2018-03-18 02:30:00,518.426,518.426,511.859,511.859,784.195
2018-03-18 02:45:00,512.0,518.656,508.5,508.687,462.385
2018-03-18 03:00:00,508.687,525.0,508.687,516.817,87.111
2018-03-18 03:15:00,516.784,517.516,510.0,517.267,77.264
2018-03-18 03:30:00,517.005,521.187,514.6,521.187,38.339
2018-03-18 03:45:00,523.311,523.311,516.372,518.0,39.326
2018-03-18 04:00:00,518.0,521.936,515.897,521.936,97.031
2018-03-18 04:15:00,521.936,524.773,520.738,523.795,59.171
2018-03-18 04:30:00,521.0,521.804,513.543,513.543,243.166
2018-03-18 04:45:00,513.543,514.226,506.989,508.712,75.935
2018-03-18 05:00:00,510.446,515.353,509.315,511.1,11.494
2018-03-18 05:15:00,515.353,515.353,510.58,510.58,12.888
2018-03-18 05:30:00,510.58,518.137,510.58,518.137,72.228
2018-03-18 05:45:00,518.137,521.804,516.725,521.0,25.875
2018-03-18 06:00:00,521.0,521.0,519.2,519.99,21.082
2018-03-18 06:15:00,520.0,521.804,515.523,517.039,100.122
2018-03-18 06:30:00,515.0,518.706,515.0,518.706,17.465
2018-03-18 06:45:00,518.706,522.644,518.706,522.313,128.489
2018-03-18 07:00:00,519.46,522.313,517.139,519.46,653.299
2018-03-18 07:15:00,517.139,520.739,517.139,517.46,63.838
2018-03-18 07:30:00,519.62,521.99,519.62,521.46,8.093
2018-03-18 07:45:00,516.894,519.476,515.988,516.01,15.361
2018-03-18 08:00:00,516.01,521.99,515.312,521.99,149.579
2018-03-18 08:15:00,518.9,522.323,518.9,519.0,38.858
2018-03-18 08:30:00,519.0,522.0,517.033,521.595,207.389
2018-03-18 08:45:00,520.482,521.595,517.309,521.471,55.126
2018-03-18 09:00:00,517.309,521.471,517.309,519.25,12.241
2018-03-18 09:15:00,519.25,519.25,514.239,515.754,34.903
2018-03-18 09:30:00,517.0,517.0,513.0,515.1,44.398
2018-03-18 09:45:00,513.059,515.1,510.833,510.833,35.445
2018-03-18 10:00:00,510.833,515.0,510.804,514.0,79.655
2018-03-18 10:15:00,514.0,514.0,504.31,504.31,297.19
2018-03-18 10:30:00,504.31,506.0,496.711,500.0,431.966
2018-03-18 10:45:00,500.0,501.495,496.0,500.0,439.128
2018-03-18 11:00:00,499.271,499.271,495.0,497.0,768.554
2018-03-18 11:15:00,497.0,505.961,497.0,503.0,160.236
2018-03-18 11:30:00,503.0,511.7,502.0,509.7,183.294
2018-03-18 11:45:00,509.91,519.847,509.5,519.847,113.529
2018-03-18 12:00:00,517.0,519.699,510.0,511.235,265.076
2018-03-18 12:15:00,510.0,516.801,510.0,510.1,441.662
2018-03-18 12:30:00,512.0,512.0,505.0,509.0,92.371
2018-03-18 12:45:00,505.0,513.018,498.75,501.251,415.45
2018-03-18 13:00:00,502.323,505.359,495.0,497.042,69.399
2018-03-18 13:15:00,495.967,497.042,484.1,485.0,1663.409
2018-03-18 13:30:00,484.5,492.311,481.0,481.0,315.002
2018-03-18 13:45:00,481.4,483.642,477.1,481.28,622.499
2018-03-18 14:00:00,479.8,483.926,465.058,468.333,866.796
2018-03-18 14:15:00,468.333,468.333,457.1,464.0,964.782
2018-03-18 14:30:00,464.0,473.498,454.27,471.0,901.245
2018-03-18 14:45:00,470.0,481.327,468.3,474.629,968.897
2018-03-18 15:00:00,473.835,475.714,470.0,472.93,406.447
2018-03-18 15:15:00,475.0,477.638,463.01,465.213,495.531
2018-03-18 15:30:00,467.0,473.706,465.0,467.723,117.93
2018-03-18 15:45:00,467.723,470.563,455.0,457.0,1896.865
2018-03-18 16:00:00,457.0,462.4,455.0,461.0,505.167
2018-03-18 16:15:00,461.997,470.0,461.873,466.8,1111.174
2018-03-18 16:30:00,466.8,478.659,463.748,474.0,407.247
2018-03-18 16:45:00,476.0,481.022,469.469,471.795,633.144
2018-03-18 17:00:00,471.795,476.288,466.901,475.0,786.766
2018-03-18 17:15:00,475.0,480.0,473.0,479.0,313.363
2018-03-18 17:30:00,479.0,487.454,479.0,487.454,1469.44
2018-03-18 17:45:00,487.453,491.0,482.936,487.3,2291.204
2018-03-18 18:00:00,486.76,499.0,486.76,496.0,452.771
2018-03-18 18:15:00,497.0,502.988,494.778,495.261,535.226
2018-03-18 18:30:00,495.261,499.065,494.0,499.065,62.435
2018-03-18 18:45:00,500.0,500.0,480.285,481.0,344.805
2018-03-18 19:00:00,481.0,483.352,466.873,483.352,475.745
2018-03-18 19:15:00,480.0,489.0,478.375,485.871,872.889
2018-03-18 19:30:00,485.871,490.536,485.0,486.64,263.534
2018-03-18 19:45:00,486.2,487.8,481.861,486.585,35.001
2018-03-18 20:00:00,485.3,492.612,485.3,491.582,105.896
2018-03-18 20:15:00,488.0,490.218,487.08,488.11,59.565
2018-03-18 20:30:00,486.0,501.689,486.0,501.689,1285.453
2018-03-18 20:45:00,501.689,508.0,500.0,505.502,321.734
2018-03-18 21:00:00,505.502,529.0,505.502,527.5,863.694
2018-03-18 21:15:00,528.0,542.295,522.882,523.0,1306.071
2018-03-18 21:30:00,523.0,535.388,523.0,533.014,214.664
2018-03-18 21:45:00,534.373,561.13,533.0,554.9,737.248
2018-03-18 22:00:00,554.9,554.9,532.628,532.628,495.842
2018-03-18 22:15:00,535.0,541.0,526.422,526.422,259.296
2018-03-18 22:30:00,526.422,539.591,526.0,536.433,364.96
2018-03-18 22:45:00,536.433,536.433,527.296,530.0,166.574
2018-03-18 23:00:00,533.0,546.464,530.0,542.3,242.858
2018-03-18 23:15:00,543.9,545.034,536.764,540.843,187.494
2018-03-18 23:30:00,544.9,544.9,532.903,533.055,81.662
2018-03-18 23:45:00,537.0,540.0,533.055,537.0,89.694
2018-03-19 00:00:00,537.0,555.0,537.0,554.1,328.087
2018-03-19 00:15:00,554.1,554.1,541.543,547.0,205.996
2018-03-19 00:30:00,546.0,559.733,546.0,559.733,411.579
2018-03-19 00:45:00,559.733,559.733,543.0,547.0,241.813
2018-03-19 01:00:00,547.0,549.138,534.409,536.33,89.57
2018-03-19 01:15:00,535.045,538.233,518.0,520.0,673.738
2018-03-19 01:30:00,519.439,529.0,519.439,522.827,355.698
2018-03-19 01:45:00,523.394,533.264,523.394,532.687,120.422
2018-03-19 02:00:00,533.0,534.153,526.232,528.992,70.581
2018-03-19 02:15:00,527.431,531.0,527.431,531.0,65.728
2018-03-19 02:30:00,530.184,539.883,530.184,536.671,44.0
2018-03-19 02:45:00,536.671,540.0,531.285,533.544,94.131
2018-03-19 03:00:00,530.781,536.903,530.184,536.903,41.543
2018-03-19 03:15:00,535.806,536.33,531.0,533.0,8.259
2018-03-19 03:30:00,534.073,534.186,526.619,526.619,72.833
2018-03-19 03:45:00,530.0,530.0,523.0,528.255,29.428
2018-03-19 04:00:00,528.255,533.476,527.0,532.676,75.836
2018-03-19 04:15:00,532.666,533.74,528.595,530.102,236.429
2018-03-19 04:30:00,530.102,530.948,528.0,528.3,84.377
2018-03-19 04:45:00,531.6,532.676,530.058,530.058,43.083
2018-03-19 05:00:00,532.117,539.0,530.058,538.0,204.104
2018-03-19 05:15:00,538.0,544.0,537.06,542.0,252.37
2018-03-19 05:30:00,542.0,542.556,539.03,542.556,124.893
2018-03-19 05:45:00,542.556,546.854,542.556,546.566,236.086
2018-03-19 06:00:00,546.666,550.53,544.0,545.663,186.584
2018-03-19 06:15:00,545.663,548.456,543.388,544.036,138.983
2018-03-19 06:30:00,542.0,544.737,539.072,544.737,172.453
2018-03-19 06:45:00,544.272,544.737,539.0,540.0,124.063
2018-03-19 07:00:00,540.0,543.0,540.0,542.9,48.142
2018-03-19 07:15:00,543.0,546.562,543.0,543.747,107.415
2018-03-19 07:30:00,546.562,546.562,541.179,546.562,109.496
2018-03-19 07:45:00,546.0,546.562,543.846,543.846,547.927
2018-03-19 08:00:00,546.555,549.588,544.555,548.488,48.817
2018-03-19 08:15:00,549.0,549.0,544.921,548.0,72.69
2018-03-19 08:30:00,548.105,552.292,546.0,552.292,162.972
2018-03-19 08:45:00,552.292,552.292,545.0,545.0,77.739
2018-03-19 09:00:00,545.98,547.555,530.0,530.0,146.447
2018-03-19 09:15:00,530.0,536.239,530.0,533.044,247.116
2018-03-19 09:30:00,533.044,535.8,530.015,533.044,134.734
2018-03-19 09:45:00,533.044,533.044,526.269,526.269,56.825
2018-03-19 10:00:00,526.269,526.269,518.41,521.0,92.126
2018-03-19 10:15:00,518.416,522.518,518.416,518.427,17.118
2018-03-19 10:30:00,521.458,522.573,513.0,522.573,369.17
2018-03-19 10:45:00,522.573,530.0,520.573,527.0,75.255
2018-03-19 11:00:00,527.0,532.361,527.0,530.0,72.994
2018-03-19 11:15:00,530.0,533.0,530.0,532.1,15.899
2018-03-19 11:30:00,530.0,536.144,530.0,536.144,86.856
2018-03-19 11:45:00,536.184,537.8,534.0,537.69,60.018
2018-03-19 12:00:00,537.8,537.8,524.0,527.011,155.148
2018-03-19 12:15:00,526.01,531.095,526.01,531.095,18.729
2018-03-19 12:30:00,531.095,532.0,528.492,529.525,44.361
2018-03-19 12:45:00,529.525,530.667,524.0,528.925,25.679
2018-03-19 13:00:00,528.925,528.925,525.0,527.871,29.004
2018-03-19 13:15:00,529.09,533.592,529.08,533.445,38.663
2018-03-19 13:30:00,531.134,548.651,531.134,545.0,397.246
2018-03-19 13:45:00,548.651,551.0,541.153,545.556,542.665
2018-03-19 14:00:00,545.0,552.292,543.575,552.292,340.787
2018-03-19 14:15:00,552.292,555.525,546.966,546.966,507.916
2018-03-19 14:30:00,546.966,549.352,543.572,545.372,90.781
2018-03-19 14:45:00,545.408,553.0,545.408,546.5,245.008
2018-03-19 15:00:00,548.179,548.179,540.5,542.21,103.256
2018-03-19 15:15:00,542.21,548.0,542.21,544.91,50.338
2018-03-19 15:30:00,544.955,551.975,543.257,549.172,105.878
2018-03-19 15:45:00,549.172,552.24,548.99,549.0,57.076
2018-03-19 16:00:00,549.0,556.95,549.0,556.95,186.216
2018-03-19 16:15:00,556.95,559.0,554.318,557.0,255.198
2018-03-19 16:30:00,555.5,555.5,549.24,550.9,83.826
2018-03-19 16:45:00,552.69,555.263,539.0,539.5,97.45
2018-03-19 17:00:00,540.04,542.662,530.836,539.197,188.054
2018-03-19 17:15:00,537.0,539.197,528.769,533.467,150.301
2018-03-19 17:30:00,533.467,536.377,530.527,535.033,172.346
2018-03-19 17:45:00,531.905,533.792,528.856,531.984,122.999
2018-03-19 18:00:00,532.492,539.727,531.0,535.2,40.191
2018-03-19 18:15:00,535.2,541.245,534.158,537.0,289.454
2018-03-19 18:30:00,537.0,540.0,535.95,536.0,29.787
2018-03-19 18:45:00,536.0,539.0,531.588,534.9,56.248
2018-03-19 19:00:00,533.466,535.54,530.37,535.54,75.192
2018-03-19 19:15:00,535.001,541.175,533.499,533.507,105.742
2018-03-19 19:30:00,533.507,539.225,533.507,534.06,90.664
2018-03-19 19:45:00,534.624,539.0,532.713,533.886,47.403
2018-03-19 20:00:00,537.425,540.588,535.779,537.465,61.925
2018-03-19 20:15:00,538.0,543.0,537.0,537.0,30.818
2018-03-19 20:30:00,537.0,541.791,537.0,541.139,3.92
2018-03-19 20:45:00,540.0,541.791,538.599,541.791,77.389
2018-03-19 21:00:00,541.7,546.0,540.0,544.458,41.28
2018-03-19 21:15:00,542.839,546.0,542.839,544.214,6.725
2018-03-19 21:30:00,546.0,546.716,542.0,542.02,35.428
2018-03-19 21:45:00,544.069,545.35,542.05,544.0,20.679
2018-03-19 22:00:00,545.35,545.35,540.0,540.993,85.882
2018-03-19 22:15:00,540.993,546.716,540.713,545.35,1334.063
2018-03-19 22:30:00,545.35,552.516,545.35,546.9,107.832
2018-03-19 22:45:00,547.712,550.9,540.0,540.1,269.384
2018-03-19 23:00:00,540.1,544.353,537.0,543.455,27.863
2018-03-19 23:15:00,544.766,558.472,544.753,555.64,362.62
2018-03-19 23:30:00,555.64,556.0,548.472,551.168,487.76
2018-03-19 23:45:00,550.168,557.214,550.168,555.0,47.905
2018-03-20 00:00:00,555.0,557.805,545.397,550.0,136.579
2018-03-20 00:15:00,550.0,550.0,545.0,545.0,183.135
2018-03-20 00:30:00,548.6,551.175,547.473,551.175,198.685
2018-03-20 00:45:00,551.0,551.0,547.428,550.77,17.768
2018-03-20 01:00:00,549.685,552.175,547.44,547.44,39.519
2018-03-20 01:15:00,547.955,552.175,547.955,550.143,25.1
2018-03-20 01:30:00,550.651,552.175,546.284,546.284,104.505
2018-03-20 01:45:00,546.9,548.489,539.0,544.929,109.932
2018-03-20 02:00:00,546.0,549.471,543.806,547.353,67.361
2018-03-20 02:15:00,549.662,551.416,543.925,544.469,65.243
2018-03-20 02:30:00,543.049,550.801,542.727,550.801,44.401
2018-03-20 02:45:00,550.801,552.99,549.625,549.625,325.948
2018-03-20 03:00:00,549.625,552.99,548.452,552.99,67.624
2018-03-20 03:15:00,551.0,556.207,551.0,551.262,70.906
2018-03-20 03:30:00,551.262,553.0,548.452,551.818,91.88
2018-03-20 03:45:00,551.818,556.0,551.313,556.0,11.499
2018-03-20 04:00:00,553.01,553.01,550.3,550.644,47.166
2018-03-20 04:15:00,550.644,552.38,542.99,542.99,49.795
2018-03-20 04:30:00,546.648,546.648,536.835,537.196,99.379
2018-03-20 04:45:00,537.196,538.976,530.647,533.5,523.578
2018-03-20 05:00:00,532.936,535.048,529.39,532.693,171.286
2018-03-20 05:15:00,533.076,537.582,532.696,532.696,45.821
2018-03-20 05:30:00,535.778,539.22,533.897,539.22,45.425
2018-03-20 05:45:00,537.114,539.114,536.037,538.73,33.43
2018-03-20 06:00:00,538.73,538.73,535.0,535.0,11.993
2018-03-20 06:15:00,536.895,542.631,535.0,542.0,58.828
2018-03-20 06:30:00,539.29,539.3,538.0,538.5,19.999
2018-03-20 06:45:00,539.22,541.487,534.561,536.142,406.228
2018-03-20 07:00:00,540.421,540.421,536.5,540.39,36.886
2018-03-20 07:15:00,539.597,540.39,534.7,535.413,54.286
2018-03-20 07:30:00,534.7,538.363,532.696,534.0,100.678
2018-03-20 07:45:00,534.7,534.7,525.0,525.493,220.57
2018-03-20 08:00:00,525.893,528.0,520.0,524.854,200.855
2018-03-20 08:15:00,524.854,526.852,523.318,523.389,29.603
2018-03-20 08:30:00,524.1,528.0,522.687,522.687,74.627
2018-03-20 08:45:00,522.687,523.778,520.118,520.118,55.46
2018-03-20 09:00:00,520.118,520.118,515.639,518.138,115.472
2018-03-20 09:15:00,519.6,525.0,519.0,523.0,58.453
2018-03-20 09:30:00,523.0,528.995,522.0,528.995,125.819
2018-03-20 09:45:00,528.995,530.0,527.0,527.302,39.806
2018-03-20 10:00:00,527.302,530.0,525.99,528.413,39.775
2018-03-20 10:15:00,528.413,529.94,526.0,527.542,40.984
2018-03-20 10:30:00,527.168,527.168,525.0,525.063,14.426
2018-03-20 10:45:00,528.276,530.0,526.0,530.0,20.29
2018-03-20 11:00:00,530.0,530.0,525.356,525.43,77.957
2018-03-20 11:15:00,526.809,534.277,526.809,532.0,153.013
2018-03-20 11:30:00,532.618,534.0,530.1,532.945,169.41
2018-03-20 11:45:00,533.147,534.0,529.587,531.8,76.388
2018-03-20 12:00:00,531.8,533.03,528.673,528.673,66.014
2018-03-20 12:15:00,529.8,532.594,529.8,531.2,34.687
2018-03-20 12:30:00,531.4,535.886,531.4,535.869,216.658
2018-03-20 12:45:00,536.0,543.0,536.0,539.343,203.554
2018-03-20 13:00:00,537.0,540.0,536.1,538.565,38.393
2018-03-20 13:15:00,538.414,538.414,534.526,535.99,74.587
2018-03-20 13:30:00,535.99,538.902,535.5,537.236,76.653
2018-03-20 13:45:00,538.754,538.754,533.378,536.0,50.109
2018-03-20 14:00:00,534.254,536.109,530.758,536.109,120.685
2018-03-20 14:15:00,536.1,536.1,531.057,531.397,30.995
2018-03-20 14:30:00,531.397,533.0,529.362,531.024,50.232
2018-03-20 14:45:00,531.359,534.273,531.359,533.627,28.435
2018-03-20 15:00:00,534.273,536.109,533.727,534.236,17.566
2018-03-20 15:15:00,535.92,540.564,534.133,540.017,98.832
2018-03-20 15:30:00,539.645,541.0,537.0,538.406,78.009
2018-03-20 15:45:00,538.406,538.406,535.0,535.0,16.488
2018-03-20 16:00:00,535.0,539.0,534.194,536.9,40.057
2018-03-20 16:15:00,536.5,552.234,536.5,550.0,534.948
2018-03-20 16:30:00,551.0,554.0,548.576,548.8,271.766
2018-03-20 16:45:00,549.0,552.827,545.204,551.8,127.55
2018-03-20 17:00:00,551.8,552.82,549.0,550.0,111.785
2018-03-20 17:15:00,549.0,551.958,547.797,549.95,172.424
2018-03-20 17:30:00,549.9,554.133,547.797,554.0,155.364
2018-03-20 17:45:00,554.133,556.0,552.87,555.55,197.206
2018-03-20 18:00:00,555.991,557.0,552.97,556.01,267.04
2018-03-20 18:15:00,555.0,557.0,551.23,553.0,200.392
2018-03-20 18:30:00,550.053,555.0,550.053,555.0,47.722
2018-03-20 18:45:00,554.4,555.0,551.6,554.431,42.824
2018-03-20 19:00:00,550.792,554.0,550.792,552.5,22.858
2018-03-20 19:15:00,552.5,554.0,550.053,553.671,34.578
2018-03-20 19:30:00,553.671,558.381,550.5,558.0,131.476
2018-03-20 19:45:00,558.381,559.99,557.5,558.894,146.467
2018-03-20 20:00:00,558.894,565.57,558.89,564.0,547.933
2018-03-20 20:15:00,564.0,567.0,558.877,561.0,418.861
2018-03-20 20:30:00,559.595,563.171,554.681,557.0,239.458
2018-03-20 20:45:00,557.5,561.8,557.0,557.072,117.684
2018-03-20 21:00:00,557.807,559.0,554.421,557.22,301.207
2018-03-20 21:15:00,557.22,561.504,557.22,559.0,6.329
2018-03-20 21:30:00,559.0,561.8,557.0,561.67,74.507
2018-03-20 21:45:00,561.8,563.624,561.11,563.624,100.594
2018-03-20 22:00:00,563.624,564.451,561.562,564.0,108.973
2018-03-20 22:15:00,564.451,565.052,563.94,565.052,83.124
2018-03-20 22:30:00,565.052,565.052,560.025,562.008,120.59
2018-03-20 22:45:00,562.008,562.008,557.856,560.363,110.513
2018-03-20 23:00:00,560.0,561.785,558.847,560.0,92.201
2018-03-20 23:15:00,558.85,560.99,553.986,557.0,119.97
2018-03-20 23:30:00,556.0,556.0,550.083,550.083,205.654
2018-03-20 23:45:00,550.083,553.014,550.083,553.014,8.252
